{
  "token_acc":1.0,
  "token_p":1.0,
  "token_r":1.0,
  "token_f":1.0,
  "ents_p":0.8905263158,
  "ents_r":0.8794178794,
  "ents_f":0.8849372385,
  "ents_per_type":{
    "ORG":{
      "p":0.8,
      "r":0.778280543,
      "f":0.7889908257
    },
    "STATE":{
      "p":0.8939393939,
      "r":0.8805970149,
      "f":0.8872180451
    },
    "COUNTRY":{
      "p":0.9896907216,
      "r":0.9948186528,
      "f":0.992248062
    }
  },
  "speed":2802.924136866
}