{
  "token_acc":1.0,
  "token_p":1.0,
  "token_r":1.0,
  "token_f":1.0,
  "ents_p":0.8792372881,
  "ents_r":0.8627858628,
  "ents_f":0.870933893,
  "ents_per_type":{
    "ORG":{
      "p":0.7777777778,
      "r":0.7601809955,
      "f":0.7688787185
    },
    "STATE":{
      "p":0.9193548387,
      "r":0.8507462687,
      "f":0.8837209302
    },
    "COUNTRY":{
      "p":0.9793814433,
      "r":0.9844559585,
      "f":0.9819121447
    }
  },
  "speed":3947.403174699
}